ID,food,fate,date.max,mass.max,pop,para,HS,bin,date.death,survived,date.hatch,mass.hatch,date.3rd,mass.3rd,date.para,num.para,date.hs,date.4th,mass.4th,date.5th,mass.5th,date.6th,mass.6th,date.7th,mass.7th,date.w,mass.w,date.pupa,date.mass,mass.pupa,date.eclos,mass.eclos,sex,deformed,date.coc,date.remove,mass.remove,num.w.coc,num.w.larvae,wet,date.w.eclos,num.w.eclos,date.5th.2,mass.5th.2,date.5th.3,mass.5th.3,date.5th.4,mass.5th.4,date.6th.2,mass.6th.2,date.6th.3,mass.6th.3,date.6th.4,mass.6th.4,date.7th.2,mass.7th.2,,,date.out,mass.out,date.cull,notes
001,TB,dead,,,Clayton,no,yes,A,,no,07/11/2020,1,07/17/2020,54.65,,,07/17/2020,07/21/2020,405.1,07/25/2020,2215.6,,,,,,,,,,,,,,,,,,,,,,,,,,,,,,,,,,,,,,,,07/28/2020,same compartment 07/28/2020
002,TB,dead,,,Clayton,no,no,A,,no,07/11/2020,1,07/17/2020,40.55,,,,07/21/2020,375.9,07/25/2020,1752.6,,,,,,,,,,,,,,,,,,,,,,,,,,,,,,,,,,,,,,,,07/28/2020,same compartment 07/28/2020
003,DC,dead,,,Clayton,no,yes,A,,no,07/12/2020,1,07/19/2020,52.94,,,07/19/2020,07/23/2020,391.6,07/27/2020,2457.2,,,,,,,,,,,,,,,,,,,,,,,,,,,,,,,,,,,,,,,,07/28/2020,same compartment 07/28/2020
004,DC,dead,,,Clayton,no,no,A,,no,07/12/2020,1,07/19/2020,47.24,,,,07/22/2020,181.1,07/27/2020,1971.3,,,,,,,,,,,,,,,,,,,,,,,,,,,,,,,,,,,,,,,,07/28/2020,same compartment 07/28/2020
005,TB,em,8/5/20,1605.72,RM,yes,yes,B,,yes,07/12/2020,1,07/19/2020,81.73,07/19/2020,1,07/19/2020,07/23/2020,263.1,07/27/2020,811.5,,,,,,,,,,,,,,08/03/2020,08/05/2020,1605.72,1,2,no,08/09/2020,1,,,,,,,,,,,,,,,,,,,,
006,TB,em,8/5/20,3391.73,RM,yes,no,B,,yes,07/12/2020,1,07/19/2020,48.77,07/19/2020,1,,07/23/2020,357.9,07/27/2020,1253.7,,,,,,,,,,,,,,08/02/2020,08/05/2020,3391.73,94,6,no,08/07/2020,94,,,,,,,,,,,,,,,,,,,,
007,TB,wowe,8/3/20,1761.2,Clayton,yes,yes,C,,yes,07/12/2020,1,07/19/2020,81.50,07/19/2020,1,07/19/2020,07/23/2020,456.4,07/27/2020,1457.6,,,,,,,,,,,,,,,,,,,,,,08/03/2020,1761.2,08/10/2020,1383.1,,,,,,,,,,,,,,,08/10/2020,
008,TB,em,8/4/20,4327.87,Clayton,yes,no,C,,yes,07/12/2020,1,07/19/2020,90.06,07/19/2020,3,,07/22/2020,323.3,07/26/2020,1540.7,,,,,,,,,,,,,,08/01/2020,08/04/2020,4327.87,127,4,yes,08/06/2020,79,,,,,,,,,,,,,,,,,,,,
009,TB,wander,8/5/20,5003.7,Clayton,no,yes,D,,yes,07/12/2020,1,07/19/2020,93.61,,,07/19/2020,07/22/2020,371.7,07/27/2020,1706,,,,,08/05/2020,5003.7,FAILED,,,,,,,,,,,,,,,,,,,,,,,,,,,,,,,,,,
010,TB,wander,7/31/20,7737.1,Clayton,no,no,D,,yes,07/12/2020,1,07/19/2020,60.57,,,,07/22/2020,284.1,07/26/2020,2126.9,,,,,07/31/2020,7737.1,,08/25/2020,2482.15,FAILED,,,,,,,,,,,,,,,,,,,,,,,,,,,,,,,
011,TB,wowe,8/2/20,2546.8,Clayton,yes,yes,E,,yes,07/12/2020,1,07/19/2020,63.61,07/19/2020,1,07/19/2020,07/22/2020,263.7,07/26/2020,1369.4,,,,,,,,,,,,,,,,,,,,,,08/02/2020,2546.8,08/10/2020,1884.2,,,,,,,,,,,,,,,08/10/2020,stuck inside molt to 6th 8/3
012,TB,em,8/8/20,2348.51,Clayton,yes,no,E,,yes,07/13/2020,1,07/20/2020,35.28,07/20/2020,2,,07/25/2020,339.4,07/29/2020,1246.7,,,,,,,,,,,,,,08/04/2020,08/08/2020,2348.51,4,60,yes,,0,,,,,,,,,,,,,,,,,,,,bled 07/20/2020
013,DC,dead,,,Clayton,yes,yes,B,07/29/2020,no,07/12/2020,1,07/20/2020,50.00,07/20/2020,2,07/20/2020,07/23/2020,210.5,07/28/2020,668.9,,,,,,,,,,,,,,,,,,,,,,,,,,,,,,,,,,,,,,,,,Needed help molting to 5th
014,DC,em,8/4/20,2019.3,Clayton,yes,no,B,,yes,07/12/2020,1,07/20/2020,62.09,07/20/2020,2,,07/23/2020,236,07/28/2020,1917.8,,,,,,,,,,,,,,08/01/2020,08/04/2020,2019.3,113,0,no,08/06/2020,113,,,,,,,,,,,,,,,,,,,,
015,TB,quink,,,RM,yes,yes,F,,no,07/13/2020,1,07/20/2020,71.16,07/20/2020,2,07/20/2020,07/25/2020,377.3,07/29/2020,1181.9,,,,,,,,,,,,,,,,,,,,,,,,,,,,,,,,,,,,,,,,07/30/2020,quink
016,TB,em,8/8/20,3138.73,RM,yes,no,F,,yes,07/14/2020,1,07/20/2020,71.86,07/20/2020,3,,07/23/2020,142.2,07/28/2020,1223.8,,,,,,,,,,,,,,08/04/2020,08/08/2020,3138.73,80,0,yes,08/09/2020,77,,,,,,,,,,,,,,,,,,,,
017,TB,wander,8/3/20,7537.2,Clayton,no,yes,G,,yes,07/13/2020,1,07/20/2020,34.19,,,07/20/2020,07/23/2020,219.2,07/28/2020,2169.7,,,,,08/03/2020,7537.2,08/09/2020,08/09/2020,3464.73,08/31/2020,1327.7,m,no,,,,,,,,,,,,,,,,,,,,,,,,,,,,
018,TB,wander,8/3/20,7339.5,Clayton,no,no,G,,yes,07/14/2020,1,07/21/2020,37.61,,,,07/25/2020,383.7,07/29/2020,2046.8,,,,,08/03/2020,7339.5,08/09/2020,08/09/2020,3158.4,09/06/2020,928.25,m,,,,,,,,,,,,,,,,,,,,,,,,,,,,,
019,TB,wowe mongo,8/16/20,14216.5,Clayton,yes,yes,H,,yes,07/16/2020,1,07/22/2020,20.29,07/22/2020,2,07/22/2020,07/25/2020,79.6,07/28/2020,361.1,08/05/2020,7428.8,,,08/16/2020,14216.5,FAILED,,,,,,,,,,,,,,,,,08/12/2020,133433,,,,,,,,,,,,,,,,Might be a 2nd 7/22
020,TB,dead,,,Clayton,yes,no,H,07/24/2020,no,07/12/2020,1,07/22/2020,8.78,07/22/2020,2,,,,,,,,,,,,,,,,,,,,,,,,,,,,,,,,,,,,,,,,,,,,,,cuticle stuck restricting growth
021,DC,dead,,,Clayton,yes,yes,C,07/24/2020,no,07/13/2020,1,07/22/2020,41.70,07/22/2020,3,07/22/2020,,,,,,,,,,,,,,,,,,,,,,,,,,,,,,,,,,,,,,,,,,,,,
022,DC,dead,,,Clayton,yes,no,C,07/24/2020,no,07/14/2020,1,07/22/2020,50.19,07/22/2020,2,,,,,,,,,,,,,,,,,,,,,,,,,,,,,,,,,,,,,,,,,,,,,,
023,TB,dead,,,Clayton,yes,yes,I,07/24/2020,no,07/15/2020,1,07/22/2020,30.45,07/22/2020,2,07/22/2020,,,,,,,,,,,,,,,,,,,,,,,,,,,,,,,,,,,,,,,,,,,,,
024,TB,em,8/8/20,2308.89,Clayton,yes,no,I,,yes,07/14/2020,1,07/22/2020,68.73,07/22/2020,2,,07/26/2020,228.2,07/29/2020,699.8,,,,,,,,,,,,,,08/04/2020,08/08/2020,2308.89,96,2,no,08/09/2020,93,,,,,,,,,,,,,,,,,,,,
025,TB,wander,8/5/20,9245.5,MF,no,yes,J,,yes,07/16/2020,1,07/23/2020,74.61,,,07/23/2020,07/26/2020,431.3,07/30/2020,2258.1,,,,,08/05/2020,9245.5,08/11/2020,08/25/2020,4481.72,08/31/2020,1784.75,m,no,,,,,,,,,,,,,,,,,,,,,,,,,,,,
026,TB,wander,8/4/20,8571.5,RM,no,no,J,,yes,07/16/2020,1,07/23/2020,37.82,,,,07/26/2020,225.4,07/30/2020,2084.5,,,,,08/04/2020,8571.5,08/09/2020,08/09/2020,4004.55,08/31/2020,1527.97,m,no,,,,,,,,,,,,,,,,,,,,,,,,,,,,
027,TB,em,8/8/20,4060.01,Clayton,yes,yes,K,,yes,07/16/2020,1,07/23/2020,76.86,07/23/2020,2,07/23/2020,07/26/2020,288.1,07/30/2020,1544.9,,,,,,,,,,,,,,08/06/2020,08/08/2020,4060.01,107,0,no,08/11/2020,107,,,,,,,,,,,,,,,,,,,,
028,TB,dead,,,Clayton,yes,no,K,07/25/2020,no,07/16/2020,1,07/23/2020,72.31,07/23/2020,3,,,,,,,,,,,,,,,,,,,,,,,,,,,,,,,,,,,,,,,,,,,,,,
029,TB,dead,,,Clayton,yes,yes,L,07/26/2020,no,07/16/2020,1,07/23/2020,81.92,07/23/2020,3,07/23/2020,,,,,,,,,,,,,,,,,,,,,,,,,,,,,,,,,,,,,,,,,,,,,
030,TB,em,8/8/20,4150.16,Clayton,yes,no,L,,yes,07/15/2020,1,07/23/2020,73.78,07/23/2020,3,,07/26/2020,230.9,07/31/2020,1929,,,,,,,,,,,,,,08/05/2020,08/08/2020,4150.16,188,6,no,08/10/2020,181,,,,,,,,,,,,,,,,,,,,
031,TB,wander,8/3/20,7426.2,Clayton,no,yes,M,,yes,07/15/2020,1,07/23/2020,99.39,,,07/23/2020,07/25/2020,318.5,07/29/2020,1830,,,,,08/03/2020,7426.2,08/09/2020,08/09/2020,3100.13,09/06/2020,839.32,m,yes,,,,,,,,,,,,,,,,,,,,,,,,,,,,
032,TB,quink,,,MF,no,no,M,,yes,07/16/2020,1,07/23/2020,81.24,,,,07/26/2020,221.9,,,,,,,,,,,,,,,,,,,,,,,,,,,,,,,,,,,,,,,,,,,"rustica, removed 7/27"
033,DC,wander,8/9/20,8779.3,RM,no,yes,D,,yes,07/17/2020,1,07/24/2020,29.23,,,07/24/2020,07/29/2020,322,08/03/2020,1559.3,,,,,08/09/2020,8779.3,FAILED,,,,,,,,,,,,,,,,,,,,,,,,,,,,,,,,,,
034,DC,dead,,,RM,no,no,D,07/25/2020,no,07/17/2020,1,07/24/2020,5.68,,,,,,,,,,,,,,,,,,,,,,,,,,,,,,,,,,,,,,,,,,,,,,,,
035,DC,dead,,,Clayton,yes,yes,E,07/25/2020,no,07/13/2020,1,07/24/2020,50.66,07/24/2020,2,07/24/2020,,,,,,,,,,,,,,,,,,,,,,,,,,,,,,,,,,,,,,,,,,,,,bled 7/24
036,DC,dead,,,Clayton,yes,no,E,07/25/2020,no,07/13/2020,1,07/24/2020,38.08,07/24/2020,3,,,,,,,,,,,,,,,,,,,,,,,,,,,,,,,,,,,,,,,,,,,,,,
037,DC,dead,,,MF,yes,yes,F,07/26/2020,no,07/16/2020,1,07/24/2020,49.06,07/24/2020,3,07/24/2020,,,,,,,,,,,,,,,,,,,,,,,,,,,,,,,,,,,,,,,,,,,,,
038,DC,dead,,,MF,yes,no,F,,no,07/16/2020,1,07/24/2020,30.83,07/24/2020,4,,,,,,,,,,,,,,,,,,,,,,,,,,,,,,,,,,,,,,,,,,,,,,
039,TB,dead,,,Clayton,yes,yes,N,07/25/2020,no,07/16/2020,1,07/24/2020,15.64,07/24/2020,3,07/24/2020,,,,,,,,,,,,,,,,,,,,,,,,,,,,,,,,,,,,,,,,,,,,,
040,TB,em,8/8/20,2364.21,Clayton,yes,no,N,,yes,07/18/2020,1,07/24/2020,32.54,07/24/2020,2,,07/27/2020,165.6,07/31/2020,1011.2,,,,,,,,,,,,,,08/05/2020,08/08/2020,2364.21,95,0,no,08/11/2020,84,,,,,,,,,,,,,,,,,,,,
041,TB,dead,,,Clayton,yes,yes,O,07/27/2020,no,07/18/2020,1,07/24/2020,41.92,07/24/2020,4,07/24/2020,,,,,,,,,,,,,,,,,,,,,,,,,,,,,,,,,,,,,,,,,,,,,
042,TB,dead,,,Clayton,yes,no,O,07/26/2020,no,07/18/2020,1,07/24/2020,97.59,07/24/2020,2,,,,,,,,,,,,,,,,,,,,,,,,,,,,,,,,,,,,,,,,,,,,,,
043,TB,dead,,,Clayton,no,yes,P,,no,07/17/2020,1,07/24/2020,16.12,,,07/24/2020,07/27/2020,16.7,,,,,,,,,,,,,,,,,,,,,,,,,,,,,,,,,,,,,,,,,,,
044,DC,wander,8/12/20,8743.3,Clayton,no,yes,G,,yes,07/13/2020,1,07/25/2020,32.00,,,07/25/2020,07/28/2020,109.4,08/05/2020,2708.5,,,,,08/12/2020,8743.3,,09/04/2020,3702.06,09/10/2020,1890.78,f,yes,,,,,,,,,,,,,,,,,,,,,,,,,,,,
045,DC,wander,8/7/20,8556.2,Clayton,no,no,G,,yes,07/15/2020,1,07/25/2020,47.07,,,,07/28/2020,219.4,08/02/2020,1985.7,,,,,08/07/2020,8556.2,,08/25/2020,3574.15,09/06/2020,1102.04,m,yes,,,,,,,,,,,,,,,,,,,,,,,,,,,,
046,DC,wowe mongo,8/21/20,12713.2,Clayton,yes,yes,H,,yes,07/17/2020,1,07/25/2020,39.98,07/25/2020,3,07/25/2020,07/29/2020,261.2,08/01/2020,590.9,08/07/2020,3146.8,,,,,,,,,,,,,,,,,,,,08/15/2020,12247.2,08/21/2020,12713.2,,,,,,,08/28/2020,9187.9,,,,,08/29/2020,8305.9,,
047,DC,dead,,,MF,yes,no,H,07/27/2020,no,07/16/2020,1,07/26/2020,54.86,07/26/2020,5,,,,,,,,,,,,,,,,,,,,,,,,,,,,,,,,,,,,,,,,,,,,,,
048,DC,dead,,,MF,yes,yes,I,07/28/2020,no,07/16/2020,1,07/26/2020,61.12,07/26/2020,3,07/26/2020,,,,,,,,,,,,,,,,,,,,,,,,,,,,,,,,,,,,,,,,,,,,,
049,DC,dead,,,MF,yes,no,I,07/27/2020,no,07/16/2020,1,07/26/2020,38.60,07/26/2020,2,,,,,,,,,,,,,,,,,,,,,,,,,,,,,,,,,,,,,,,,,,,,,,bled 7/26
050,DC,wander,8/9/20,8094.3,Clayton,no,yes,J,,yes,07/18/2020,1,07/26/2020,57.76,,,07/26/2020,07/29/2020,252.3,08/03/2020,1908.7,,,,,08/09/2020,8094.3,,08/31/2020,2670.81,09/08/2020,1206.46,f,,,,,,,,,,,,,,,,,,,,,,,,,,,,,
051,DC,wander,8/9/20,7786,Clayton,no,no,J,,yes,07/15/2020,1,07/26/2020,37.10,,,,07/29/2020,160.3,08/03/2020,1557.1,,,,,08/09/2020,7786,FAILED,,,,,,,,,,,,,,,,,,,,,,,,,,,,,,,,,,
052,DC,em,8/12/20,440.57,Clayton,yes,yes,K,,yes,07/15/2020,1,07/26/2020,21.59,07/26/2020,2,07/26/2020,07/29/2020,76.1,08/02/2020,325.2,,,,,,,,,,,,,,08/09/2020,08/12/2020,440.57,1,0,no,08/15/2020,1,,,,,,,,,,,,,,,,,,,,
053,TB,wander,8/8/20,9500.2,Clayton,no,no,P,,yes,07/18/2020,1,07/26/2020,50.15,,,,07/29/2020,386.4,08/02/2020,1801.6,,,,,08/08/2020,9500.2,,08/31/2020,4347.36,09/06/2020,2123.13,f,yes,,,,,,,,,,,,,,,,,,,,,,,,,,,,Found on the floor 8/8
054,TB,em,8/14/20,2345.98,Clayton,yes,yes,Q,,yes,07/19/2020,1,07/26/2020,76.39,07/26/2020,2,07/26/2020,07/30/2020,235,08/05/2020,1308.9,,,,,,,,,,,,,,08/10/2020,08/14/2020,2345.98,43,0,no,08/15/2020,42,,,,,,,,,,,,,,,,,,,,
055,DC,em,8/15/20,2085.5,Clayton,yes,no,K,,yes,07/15/2020,1,07/27/2020,37.03,07/27/2020,2,,07/31/2020,208.3,08/05/2020,804.1,,,,,,,,,,,,,,08/11/2020,08/15/2020,2085.5,91,17,no,08/16/2020,72,,,,,,,,,,,,,,,,,,,,
056,DC,wowe mongo,8/25/20,13390.5,Clayton,yes,yes,L,,yes,07/18/2020,1,07/27/2020,20.74,07/27/2020,2,07/27/2020,07/31/2020,133.6,08/03/2020,500.7,,,,,,,,,,,,,,,,,,,,,,08/11/2020,5782.8,08/18/2020,12788.6,08/25/20,13390.5,,,,,,,,,,,08/29/2020,12599,,ate some of 139 08/10 - swiched to TB at some point before 8/14
057,DC,em,8/11/20,1233.53,Clayton,yes,no,L,,yes,07/18/2020,1,07/27/2020,26.27,07/27/2020,1,,07/30/2020,113.7,08/02/2020,428,,,,,,,,,,,,,,08/07/2020,08/11/2020,1233.53,70,0,no,08/12/2020,70,,,,,,,,,,,,,,,,,,,,
058,DC,wander,8/13/20,9385.4,Clayton,no,yes,M,,yes,07/20/2020,1,07/27/2020,63.94,,,07/27/2020,07/30/2020,274.2,08/04/2020,2098,,,,,08/13/2020,9385.4,FAILED,,,,,,,,,,,,,,,,,,,,,,,,,,,,,,,,,,
059,DC,wander,8/10/20,8285.3,Clayton,no,no,M,,yes,07/20/2020,1,07/27/2020,68.75,,,,07/29/2020,191.3,08/03/2020,1701.2,,,,,08/10/2020,8285.3,FAILED,,,,,,,,,,,,,,,,,,,,,,,,,,,,,,,,,,
060,TB,dead,,,Clayton,yes,no,Q,07/29/2020,no,07/21/2020,1,07/27/2020,113.65,07/27/2020,2,,,,,,,,,,,,,,,,,,,,,,,,,,,,,,,,,,,,,,,,,,,,,,
061,TB,dead,,,Clayton,yes,yes,R,07/29/2020,no,07/21/2020,1,07/27/2020,71.66,07/27/2020,2,07/27/2020,,,,,,,,,,,,,,,,,,,,,,,,,,,,,,,,,,,,,,,,,,,,,
062,TB,dead,,,Clayton,yes,no,R,,yes,07/21/2020,1,07/27/2020,86.68,07/27/2020,4,,07/29/2020,182.5,08/03/2020,1711.7,,,,,,,,,,,,,,,,,,,,,,,,,,,,,,,,,,,,,,,,,bled 8/6
063,TB,wander,8/9/20,8471.1,Clayton,no,yes,S,,yes,07/21/2020,1,07/27/2020,89.15,,,07/27/2020,07/30/2020,456.8,08/03/2020,1805.2,,,,,08/09/2020,8471.1,FAILED,,,,,,,,,,,,,,,,,,,,,,,,,,,,,,,,,,"bled 7/30, floor 8/9"
064,TB,wander,8/8/20,9958.7,Clayton,no,no,S,,yes,07/20/2020,1,07/27/2020,102.07,,,,07/29/2020,279.9,08/02/2020,1595.9,,,,,08/08/2020,9958.7,,08/31/2020,4033.14,09/06/2020,1489.97,m,,,,,,,,,,,,,,,,,,,,,,,,,,,,,Found on the floor 8/8
065,TB,wowe mongo,8/23/20,16210,Clayton,yes,yes,T,,yes,07/21/2020,1,07/27/2020,76.26,07/27/2020,2,07/27/2020,07/30/2020,260.9,08/03/2020,1327.6,08/09/2020,5591.5,,,,,,,,,,,,,,,,,,,,,,08/23/2020,16210,,,,,,,,,,,,,08/29/2020,15608.1,,
066,TB,em,8/12/20,6519.42,Clayton,yes,no,T,,yes,07/21/2020,1,07/27/2020,86.67,07/27/2020,3,,07/29/2020,197.5,08/03/2020,1800.6,,,,,,,,,,,,,,08/10/2020,08/12/2020,6519.42,182,2,no,08/15/2020,160,,,,,,,,,,,,,,,,,,,,
067,TB,em,8/12/20,991.85,Clayton,yes,yes,U,,yes,07/21/2020,1,07/27/2020,55.81,07/27/2020,2,07/27/2020,07/30/2020,148.5,08/03/2020,540.8,,,,,,,,,,,,,,08/09/2020,08/12/2020,991.85,15,1,no,08/15/2020,15,,,,,,,,,,,,,,,,,,,,same bin as 068 7/29
068,TB,dead,,,Clayton,yes,no,U,07/31/2020,no,07/21/2020,1,07/27/2020,52.62,07/27/2020,1,,07/29/2020,109.5,,,,,,,,,,,,,,,,,,,,,,,,,,,,,,,,,,,,,,,,,,,"same bin as 067 7/29, bled"
069,TB,wander,8/10/20,7234.6,Clayton,no,yes,V,,yes,07/21/2020,1,07/27/2020,34.05,, ,07/27/2020,07/30/2020,151.1,,,,,,,08/10/2020,7234.6,,08/31/2020,3866.71,09/07/2020,1449.67,m,,,,,,,,,,,,,,,,,,,,,,,,,,,,,"same bin as 70, 8/7"
070,TB,dead,,,Clayton,no,no,V,08/08/2020,no,07/19/2020,1,07/27/2020,87.33,,,,07/29/2020,280.6,08/03/2020,2380.9,,,,,,,,,,,,,,,,,,,,,,,,,,,,,,,,,,,,,,,,,"same bin as 69, 8/7"
071,DC,dead,,,Clayton,yes,yes,N,,yes,07/21/2020,1,07/28/2020,74.73,07/28/2020,1,,,,,,,,,,,,,,,,,,,,,,,,,,,,,,,,,,,,,,,,,,,,,,
072,DC,dead,,,Clayton,yes,no,N,07/29/2020,no,07/21/2020,1,07/28/2020,44.07,07/28/2020,2,,,,,,,,,,,,,,,,,,,,,,,,,,,,,,,,,,,,,,,,,,,,,,
073,DC,wowe mongo,8/29/20,12834.3,Clayton,yes,yes,O,,yes,07/21/2020,1,07/28/2020,63.95,07/28/2020,1,,08/01/2020,185.2,08/05/2020,977.5,08/11/2020,3651.5,,,,,,,,,,,,,,,,,,,,,,08/18/2020,10008.5,,,,,08/25/2020,12249.6,,,,,,,08/29/2020,12834.3,,
074,DC,dead,,,Clayton,yes,no,O,07/29/2020,no,07/21/2020,1,07/28/2020,37.28,07/28/2020,2,,,,,,,,,,,,,,,,,,,,,,,,,,,,,,,,,,,,,,,,,,,,,,
075,DC,wander,8/13/20,9198.6,Clayton,no,yes,P,,yes,07/21/2020,1,07/28/2020,54.34,,,,08/01/2020,191.6,08/06/2020,1990.1,,,,,08/13/2020,9198.6,FAILED,,,,,,,,,,,,,,,,,,,,,,,,,,,,,,,,,,discolored 7/28
076,DC,wander,8/12/20,9007.2,Clayton,no,no,P,,yes,07/21/2020,1,07/28/2020,47.57,,,,07/31/2020,282.2,08/05/2020,2269.9,,,,,08/12/2020,9007.2,,09/04/2020,3236,09/10/2020,1179.76,m,,,,,,,,,,,,,,,,,,,,,,,,,,,,,
077,DC,dead,,,Clayton,yes,yes,Q,07/30/2020,no,07/21/2020,1,07/28/2020,44.65,07/28/2020,1,,,,,,,,,,,,,,,,,,,,,,,,,,,,,,,,,,,,,,,,,,,,,,
078,DC,em,8/12/20,3232.11,Clayton,yes,no,Q,,yes,07/21/2020,1,07/28/2020,60.80,07/28/2020,2,,07/31/2020,261.1,08/04/2020,1374.7,,,,,,,,,,,,,,08/09/2020,08/12/2020,3232.11,197,2,no,08/15/2020,193,,,,,,,,,,,,,,,,,,,,
079,DC,wowe mongo,8/25/20,11357.2,Clayton,yes,yes,R,,yes,07/21/2020,1,07/28/2020,68.67,07/28/2020,1,,08/01/2020,227.2,08/05/2020,719.9,08/11/2020,3540.9,,,,,,,,,,,,,,,,,,,,,,08/18/2020,11382.3,,,,,08/25/2020,11357.2,,,,,,,08/29/2020,10349.3,,
080,DC,dead,,,Clayton,yes,no,R,07/29/2020,no,07/21/2020,1,07/28/2020,39.57,07/28/2020,2,,,,,,,,,,,,,,,,,,,,,,,,,,,,,,,,,,,,,,,,,,,,,,
081,DC,wander,8/11/20,8073.8,Clayton,no,yes,S,,yes,07/21/2020,1,07/28/2020,69.12,,,,07/30/2020,223.5,08/04/2020,1576.7,,,,,08/11/2020,8073.8,,08/31/2020,3025.87,09/08/2020,2109.11,f,yes,,,,,,,,,,,,,,,,,,,,,,,,,,,,
082,TB,dead,,,Clayton,yes,yes,W,07/30/2020,no,07/22/2020,1,07/28/2020,62.52,07/28/2020,2,,,,,,,,,,,,,,,,,,,,,,,,,,,,,,,,,,,,,,,,,,,,,,
083,TB,dead,,,Clayton,yes,no,W,07/29/2020,no,07/22/2020,1,07/28/2020,68.34,07/28/2020,2,,,,,,,,,,,,,,,,,,,,,,,,,,,,,,,,,,,,,,,,,,,,,,
084,TB,em,8/20/20,4547.89,Clayton,yes,yes,X,,yes,07/22/2020,1,07/28/2020,57.29,07/28/2020,2,,08/01/2020,266.7,08/05/2020,886.9,,,,,,,,,,,,,,08/16/2020,08/20/2020,4547.89,50,1,no,08/20/2020,43,08/14/2020,5058.8,,,,,,,,,,,,,,,,,,"bled 8/1, might be flipped with 145"
085,TB,dead,,,Clayton,yes,no,X,07/29/2020,no,07/22/2020,1,07/28/2020,39.22,07/28/2020,1,,,,,,,,,,,,,,,,,,,,,,,,,,,,,,,,,,,,,,,,,,,,,,
086,TB,wander,8/8/20,9651.1,Clayton,no,yes,Y,,yes,07/21/2020,1,07/28/2020,37.63,,,,07/31/2020,226.5,08/04/2020,1817.4,,,,,08/08/2020,9651.1,,08/31/2020,4190.59,09/07/2020,1413.99,m,,,,,,,,,,,,,,,,,,,,,,,,,,,,,
087,TB,wander,8/10/20,8499.6,Clayton,no,no,Y,,yes,07/21/2020,1,07/28/2020,46.79,,,,07/31/2020,367.5,08/03/2020,1099.7,,,,,08/10/2020,8499.6,,08/31/2020,3494.89,09/07/2020,1445.48,m,,,,,,,,,,,,,,,,,,,,,,,,,,,,,
088,DC,dead,,,Clayton,no,no,S,08/08/2020,no,07/22/2020,1,07/29/2020,50.21,,,,08/01/2020,237.5,08/05/2020,1213.9,,,,,,,,,,,,,,,,,,,,,,,,,,,,,,,,,,,,,,,,,
089,DC,dead,,,Clayton,yes,yes,T,07/31/2020,no,07/22/2020,1,07/29/2020,69.16,07/29/2020,2,07/29/2020,,,,,,,,,,,,,,,,,,,,,,,,,,,,,,,,,,,,,,,,,,,,,
090,DC,dead,,,Clayton,yes,no,T,07/30/2020,no,07/21/2020,1,07/29/2020,60.32,07/29/2020,2,,,,,,,,,,,,,,,,,,,,,,,,,,,,,,,,,,,,,,,,,,,,,,
091,DC,dead,,,Clayton,yes,yes,U,07/31/2020,no,07/22/2020,1,07/29/2020,60.83,07/29/2020,2,07/29/2020,,,,,,,,,,,,,,,,,,,,,,,,,,,,,,,,,,,,,,,,,,,,,
092,DC,em,8/14/20,3076.84,Clayton,yes,no,U,,yes,07/22/2020,1,07/29/2020,41.17,07/29/2020,2,,08/01/2020,149.2,08/05/2020,779.3,,,,,,,,,,,,,,08/10/2020,08/14/2020,3076.84,172,20,no,08/17/2020,151,,,,,,,,,,,,,,,,,,,,
093,TB,em,8/14/20,2535.23,Clayton,yes,no,H,,yes,07/22/2020,1,07/29/2020,62.53,07/29/2020,1,,08/02/2020,319.2,08/05/2020,862.4,,,,,,,,,,,,,,08/10/2020,08/14/2020,2535.23,123,0,no,08/16/2020,105,,,,,,,,,,,,,,,,,,,,
094,TB,wowe,8/18/20,1918.1,Clayton,yes,yes,I,,yes,07/23/2020,1,07/29/2020,80.65,07/29/2020,1,07/29/2020,08/02/2020,312.8,08/05/2020,929,08/11/2020,1704.2,,,,,,,,,,,,,,,,,,,,,,08/18/2020,1988.9,,,,,08/28/2020,1908.8,,,,,,,08/29/2020,1918.1,,
095,TB,em,8/14/20,3796.13,Clayton,yes,no,K,,yes,07/23/2020,1,07/29/2020,90.05,07/29/2020,1,,07/31/2020,156.1,08/05/2020,1427.4,,,,,,,,,,,,,,08/10/2020,08/14/2020,3796.13,134,3,no,08/17/2020,130,,,,,,,,,,,,,,,,,,,,bled 8/3
096,TB,dead,,,Clayton,yes,yes,L,07/30/2020,no,07/23/2020,1,07/29/2020,58.62,07/29/2020,2,07/29/2020,,,,,,,,,,,,,,,,,,,,,,,,,,,,,,,,,,,,,,,,,,,,,
097,TB,wander,8/10/20,9276.7,Clayton,no,no,M,,yes,07/23/2020,1,07/29/2020,52.80,,,,08/01/2020,200.3,08/06/2020,1643.7,,,,,08/10/2020,9276.7,,08/31/2020,3997.78,09/08/2020,1688.67,f,,,,,,,,,,,,,,,,,,,,,,,,,,,,,bled 7/29
098,TB,wander,,,Clayton,yes,yes,N,,yes,07/23/2020,1,07/29/2020,57.80,07/29/2020,2,07/29/2020,08/01/2020,267.9,08/05/2020,1999.1,,,,,,,,,,09/08/2020,1370.4,f,,,,,,,,,,,,,,,,,,,,,,,,,,,,,
099,TB,wander,8/27/20,8454.9,MF,yes,yes,O,,yes,07/24/2020,1,07/29/2020,86.52,07/29/2020,2,07/29/2020,08/02/2020,361.5,08/05/2020,1109.3,,,,,08/08/2020,8454.9,,08/31/2020,3524.37,,,,,,,,,,,,,,,,,,,,,,,,,,,,,,, ,only one 8/6 - it or 100 - found on floor 8/8
100,TB,wowe mongo,8/8/20,10301.3,MF,yes,no,O,,yes,07/24/2020,1,07/29/2020,86.28,07/29/2020,3,,08/01/2020,318.8,08/05/2020,1916.8,,,,,,,,,,,,,,,,,,,,,,,,,,8/27/2020,10301.3,,,,,,,,,,,08/29/2020,9656.6,,only one 8/6 - it or 99
101,TB,wander,8/13/20,7469.7,MF,no,yes,A,,yes,07/24/2020,1,07/29/2020,40.11,,,07/29/2020,08/02/2020,358.1,08/07/2020,1909.2,,,,,08/13/2020,7469.7,,09/04/2020,3279.36,FAILED,,,,,,,,,,,,,,,,,,,,,,,,,,,,,,,
102,TB,wander,8/13/20,9665.2,MF,no,no,A,,yes,07/24/2020,1,07/29/2020,38.94,,,,08/02/2020,337.6,08/07/2020,2550.2,,,,,08/13/2020,9665.2,,09/04/2020,4544.78,09/12/2020,2006.8,f,,,,,,,,,,,,,,,,,,,,,,,,,,,,,
103,TB,dead,,,MF,yes,yes,BA,07/31/2020,no,07/24/2020,1,07/29/2020,35.37,07/29/2020,2,07/29/2020,,,,,,,,,,,,,,,,,,,,,,,,,,,,,,,,,,,,,,,,,,,,,
104,TB,dead,,,MF,yes,no,BB,07/30/2020,no,07/24/2020,1,07/29/2020,86.96,07/29/2020,2,,,,,,,,,,,,,,,,,,,,,,,,,,,,,,,,,,,,,,,,,,,,,,bled 7/29
105,TB,wowe,8/13/20,1820.5,MF,yes,yes,BC,,yes,07/24/2020,1,07/29/2020,41.25,07/29/2020,1,07/29/2020,08/02/2020,180.2,08/06/2020,774.2,08/13/2020,1827.1,,,,,,,,,,,,,,,,,,,,,,08/21/2020,1820.5,,,,,08/28/2020,1350.3,,,,,,,08/29/2020,1303.8,,bled 8/7
106,TB,dead,,,Clayton,yes,no,BD,07/30/2020,no,07/23/2020,1,07/29/2020,46.26,07/29/2020,1,,,,,,,,,,,,,,,,,,,,,,,,,,,,,,,,,,,,,,,,,,,,,,
107,TB,wander,8/11/20,4682.1,Clayton,no,yes,BE,,yes,07/23/2020,1,07/29/2020,41.12,,,07/29/2020,08/01/2020,296.3,08/05/2020,1191.9,,,,,08/11/2020,4682.1,,08/31/2020,2534.56,09/08/2020,1268.48,m,,,,,,,,,,,,,,,,,,,,,,,,,,,,,bled 8/1
108,TB,quink,,,Clayton,no,no,BF,,yes,07/23/2020,1,07/29/2020,41.29,,,,08/01/2020,200.3,,,,,,,,,,,,,,,,,,,,,,,,,,,,,,,,,,,,,,,,,,,quink
109,DC,wander,8/12/20,9527.9,Clayton,no,yes,V,,yes,07/22/2020,1,07/30/2020,74.25,,,07/30/2020,08/02/2020,341,08/06/2020,1857.1,,,,,08/12/2020,9527.9,,09/04/2020,3613.97,09/10/2020,1654.6,f,,,,,,,,,,,,,,,,,,,,,,,,,,,,,
110,TB,em,8/15/20,2971.55,MF,yes,no,Q,,yes,07/24/2020,1,07/30/2020,91.64,07/30/2020,2,,08/02/2020,225.1,08/06/2020,1092.9,,,,,,,,,,,,,,08/11/2020,08/15/2020,2971.55,103,10,yes,08/17/2020,93,,,,,,,,,,,,,,,,,,,,
111,TB,dead,,,Clayton,yes,yes,R,,yes,07/24/2020,1,07/30/2020,88.99,07/30/2020,2,07/30/2020,,,,,,,,,,,,,,,,,,,,,,,,,,,,,,,,,,,,,,,,,,,,,
112,TB,dead,,,Clayton,yes,no,W,08/06/2020,no,07/24/2020,1,07/30/2020,62.04,07/30/2020,1,,08/02/2020,150.1,,,,,,,,,,,,,,,,,,,,,,,,,,,,,,,,,,,,,,,,,,,
113,TB,dead,,,Clayton,yes,no,X,07/31/2020,no,07/24/2020,1,07/30/2020,68.26,07/30/2020,1,,,,,,,,,,,,,,,,,,,,,,,,,,,,,,,,,,,,,,,,,,,,,,bled 7/30
114,TB,wowe,8/9/20,2331.1,MF,yes,yes,F,08/13/2020,yes,07/24/2020,1,07/30/2020,151.33,07/30/2020,1,07/30/2020,07/31/2020,138.9,08/05/2020,1087,08/09/2020,2331.1,,,,,,,,,,,,,,,,,,,,,,,,,,,,,,,,,,,,,,,dead 08/13/2020
115,TB,em,8/14/20,2700.37,MF,yes,no,BH,,yes,07/24/2020,1,07/30/2020,137.75,07/30/2020,1,,08/01/2020,286.5,08/06/2020,1732.8,,,,,,,,,,,,,,08/11/2020,08/14/2020,2700.37,61,5,no,08/16/2020,52,,,,,,,,,,,,,,,,,,,,
116,TB,dead,,,MF,yes,yes,BI,,yes,07/24/2020,1,07/30/2020,77.30,07/30/2020,1,07/30/2020,,,,,,,,,,,,,,,,,,,,,,,,,,,,,,,,,,,,,,,,,,,,,
117,TB,dead,,,MF,yes,no,BJ,08/09/2020,no,07/24/2020,1,07/30/2020,75.12,07/30/2020,2,,08/02/2020,133.9,08/06/2020,757.7,,,,,,,,,,,,,,,,,,,,,,,,,,,,,,,,,,,,,,,,,
118,TB,wander,8/14/20,6322.2,MF,no,yes,BK,,yes,07/24/2020,1,07/30/2020,59.91,,,07/30/2020,08/02/2020,289.5,08/07/2020,1662,,,,,08/14/2020,6322.2,FAILED,,,,,,,,,,,,,,,,,,,,,,,,,,,,,,,,,,
119,TB,wander,8/13/20,7142.3,MF,no,no,BL,,yes,07/24/2020,1,07/30/2020,65.24,,,,08/02/2020,209.7,08/07/2020,1805.5,,,,,08/13/2020,7142.3,,09/04/2020,3401.85,09/09/2020,1377.01,f,yes,,,,,,,,,,,,,,,,,,,,,,,,,,,,
120,TB,dead,,,MF,yes,yes,BM,07/31/2020,no,07/24/2020,1,07/30/2020,61.29,07/30/2020,1,07/30/2020,,,,,,,,,,,,,,,,,,,,,,,,,,,,,,,,,,,,,,,,,,,,,
121,TB,dead,,,MF,yes,no,BN,07/31/2020,no,07/24/2020,1,07/30/2020,93.75,07/30/2020,1,,,,,,,,,,,,,,,,,,,,,,,,,,,,,,,,,,,,,,,,,,,,,,
122,TB,dead,,,Clayton,yes,yes,L,,yes,07/25/2020,1,07/31/2020,38.31,07/31/2020,1,07/31/2020,,,,,,,,,,,,,,,,,,,,,,,,,,,,,,,,,,,,,,,,,,,,,
123,TB,wowe mongo,8/27/20,19721.3,Clayton,yes,yes,W,,yes,07/25/2020,1,07/31/2020,39.13,07/31/2020,2,07/31/2020,08/04/2020,284,08/07/2020,899.8,08/13/2020,5452.3,,,,,,,,,,,,,,,,,,,,,,08/20/2020,17359.2,,,,,08/27/2020,19721.3,,,,,,,08/29/2020,18892.7,,
124,TB,dead,,,Clayton,yes,no,BB,08/05/2020,no,07/25/2020,1,07/31/2020,44.17,07/31/2020,1,,,,,,,,,,,,,,,,,,,,,,,,,,,,,,,,,,,,,,,,,,,,,,
125,TB,wander,8/13/20,9039.4,Clayton,yes,no,BD,,yes,07/25/2020,1,07/31/2020,47.53,07/31/2020,1,,08/03/2020,333.1,08/07/2020,2114.3,,,,,08/13/2020,9039.4,,09/04/2020,3800.15,09/11/2020,1499.17,m,,,,,,,,,,,,,,,,,,,,,,,,,,,,,
126,TB,wander,8/13/20,8875.9,Clayton,no,yes,BO,,yes,07/25/2020,1,07/31/2020,59.84,,,07/31/2020,08/03/2020,197,08/07/2020,1446.3,,,,,08/13/2020,8875.9,,09/04/2020,4127.49,09/10/2020,1750.81,f,,,,,,,,,,,,,,,,,,,,,,,,,,,,,
127,TB,wander,8/12/20,8521.4,Clayton,no,no,BP,,yes,07/25/2020,1,07/31/2020,34.76,,,,08/03/2020,226.2,08/07/2020,1365,,,,,08/12/2020,8521.4,,09/04/2020,4240.53,09/08/2020,1722.78,m,yes,,,,,,,,,,,,,,,,,,,,,,,,,,,,
128,TB,wowe mongo,8/25/20,9170.1,Clayton,yes,yes,BQ,,yes,07/25/2020,1,07/31/2020,34.94,07/31/2020,2,07/31/2020,08/04/2020,191.5,08/09/2020,1562.2,,,,,,,,,,,,,,,,,,,,,,08/18/2020,8254.7,08/25/2020,9170.1,,,,,,,,,,,,,08/29/2020,9130.4,,
129,TB,em,8/16/20,2332.44,Clayton,yes,no,BR,,yes,07/25/2020,1,07/31/2020,34.77,07/31/2020,1,,08/04/2020,204.9,08/09/2020,1356.7,,,,,,,,,,,,,,08/13/2020,08/16/2020,2332.44,48,0,no,08/19/2020,46,,,,,,,,,,,,,,,,,,,,
130,DC,wander,8/13/20,8262.1,Clayton,no,no,V,,yes,07/23/2020,1,07/31/2020,43.35,,,,08/03/2020,228.7,08/07/2020,1277.5,,,,,08/13/2020,8262.1,FAILED,,,,,,,,,,,,,,,,,,,,,,,,,,,,,,,,,,
131,DC,wowe mongo,8/28/20,14675.9,Clayton,yes,yes,W,,yes,07/15/2020,1,07/31/2020,43.48,07/31/2020,2,07/31/2020,08/05/2020,195.4,08/10/2020,1416.4,08/14/2020,2866.6,,,,,,,,,,,,,,,,,,,,08/21/2020,12416.9,,,,,,,08/28/2020,14675.9,,,,,,,08/29/2020,14469.8,,same bin as 132 8/3
132,DC,em,8/14/20,1745.62,Clayton,yes,no,W,,yes,07/23/2020,1,07/31/2020,30.27,07/31/2020,1,,08/04/2020,218.5,08/07/2020,729.7,,,,,,,,,,,,,,08/11/2020,08/14/2020,1745.62,60,1,no,08/18/2020,60,,,,,,,,,,,,,,,,,,,,same bin as 131 8/3
133,DC,dead,,,Clayton,yes,yes,X,08/01/2020,no,07/22/2020,1,07/31/2020,42.50,07/31/2020,1,07/31/2020,,,,,,,,,,,,,,,,,,,,,,,,,,,,,,,,,,,,,,,,,,,,,bled 7/31
134,DC,em,8/16/20,1848.64,Clayton,yes,no,X,,yes,07/22/2020,1,07/31/2020,41.15,07/31/2020,2,,08/04/2020,184.7,08/07/2020,464.7,,,,,,,,,,,,,,08/13/2020,08/16/2020,1848.64,90,1,no,08/18/2020,88,,,,,,,,,,,,,,,,,,,,
135,TB,wander,8/13/20,9675.7,Clayton,yes,yes,R,,yes,07/25/2020,1,07/31/2020,62.86,07/31/2020,1,07/31/2020,08/03/2020,343.4,08/08/2020,2124,,,,,08/13/2020,9675.7,,,,,,,,,,,,,,,,,,,,,,,,,,,,,,,,,,,bled8/3
136,TB,em,8/16/20,2882.56,Clayton,yes,no,DB-E,,yes,07/25/2020,1,07/31/2020,73.92,07/31/2020,1,,08/03/2020,210.3,08/09/2020,1373.7,,,,,,,,,,,,,,08/14/2020,08/16/2020,2882.56,114,2,yes,08/19/2020,93,,,,,,,,,,,,,,,,,,,,
137,TB,wander,8/12/20,8906.5,Clayton,no,yes,DC-G,,yes,07/25/2020,1,07/31/2020,83.49,,,07/31/2020,08/02/2020,195.9,08/06/2020,1484.1,,,,,08/12/2020,8906.5,,09/04/2020,4086.88,09/08/2020,2057.28,f,,,,,,,,,,,,,,,,,,,,,,,,,,,,,
138,TB,wander,8/11/20,8876.5,Clayton,no,no,DD-G,,yes,07/25/2020,1,07/31/2020,91.50,,,,08/02/2020,192.2,08/06/2020,1342.9,,,,,08/11/2020,8876.5,,08/31/2020,3902.24,09/10/2020,1709.02,f,,,,,,,,,,,,,,,,,,,,,,,,,,,,,
139,TB,em,8/18/20,1613.5,Clayton,yes,yes,DE-L,,yes,07/25/2020,1,07/31/2020,92.64,07/31/2020,1,07/31/2020,08/03/2020,309.5,08/07/2020,934.1,,,,,,,,,,,,,,08/15/2020,08/18/2020,1613.5,7,1,no,08/20/2020,7,,,,,,,,,,,,,,,,,,,,bled 8/3
140,TB,em,8/16/20,1890.64,Clayton,yes,no,DF-C,,yes,07/25/2020,1,07/31/2020,59.41,07/31/2020,1,,08/05/2020,295.1,08/09/2020,999.3,,,,,,,,,,,,,,08/13/2020,08/16/2020,1890.64,38,0,no,08/19/2020,38,,,,,,,,,,,,,,,,,,,,
141,TB,dead,,,Clayton,yes,yes,DG,08/11/2020,no,07/25/2020,1,07/31/2020,66.87,07/31/2020,1,07/31/2020,08/04/2020,358,,,,,,,,,,,,,,,,,,,,,,,,,,,,,,,,,,,,,,,,,,,might have missed molt to 4
142,DC,wander,8/15/20,9133.4,Clayton,no,yes,Y,,yes,07/24/2020,1,08/01/2020,53.89,,,08/01/2020,08/04/2020,227.7,08/09/2020,2054.3,,,,,08/15/2020,9133.4,,09/04/2020,3681.65,09/13/2020,1262.8,f,,,,,,,,,,,,,,,,,,,,,,,,,,,,,
143,DC,quink,,,Clayton,no,no,Y,,yes,07/23/2020,1,08/01/2020,5.61,,,,08/09/2020,217,08/14/2020,2675.5,,,,,,,,,,,,,,,,,,,,,,,,,,,,,,,,,,,,,,,,,"quink, missed his molt to 5th"
144,TB,em,8/18/20,1920.46,Clayton,yes,no,U,,yes,07/25/2020,1,08/01/2020,74.50,08/01/2020,1,,08/05/2020,291.8,08/11/2020,1693.3,,,,,,,,,,,,,,08/15/2020,08/18/2020,1920.46,60,2,no,08/22/2020,59,,,,,,,,,,,,,,,,,,,,
145,TB,wowe mongo,8/29/20,12723.6,Clayton,yes,no,X,,yes,07/25/2020,1,08/01/2020,73.72,08/01/2020,2,,08/04/2020,221.6,08/09/2020,1510.6,,,,,,,,,,,,,,,,,,,,,,08/21/2020,9414.3,08/28/2020,12707.9,,,,,,,,,,,,,08/29/2020,12723.6,,might be flipped wth 084
146,TB,wowe mongo,8/25/20,11267.8,Clayton,yes,yes,BA,,yes,07/25/2020,1,08/01/2020,64.53,08/01/2020,1,08/01/2020,08/05/2020,382.4,08/09/2020,1994.3,,,,,,,,,,,,,,,,,,,,,,08/18/2020,10087.4,08/25/20,11267.8,,,,,,,,,,,,,08/29/2020,11045.9,,
147,TB,wowe,8/29/20,1438.3,Clayton,yes,yes,BM,,yes,07/25/2020,1,08/01/2020,77.02,08/01/2020,2,08/01/2020,08/05/2020,326.2,08/11/2020,1079.5,,,,,,,,,,,,,,,,,,,,,,08/18/2020,1183.5,08/25/20,1293.9,,,,,,,,,,,,,08/29/2020,1438.3,,
148,TB,em,8/16/20,2419.23,Clayton,yes,no,BN,,yes,07/25/2020,1,08/01/2020,39.67,08/01/2020,1,,08/05/2020,181.5,08/09/2020,924.7,,,,,,,,,,,,,,08/14/2020,08/16/2020,2419.23,47,0,no,08/19/2020,46,,,,,,,,,,,,,,,,,,,,
149,TB,dead,,,Clayton,yes,no,DH,08/02/2020,no,07/25/2020,1,08/01/2020,56.64,08/01/2020,2,,,,,,,,,,,,,,,,,,,,,,,,,,,,,,,,,,,,,,,,,,,,,,bled 8/1
150,DC,em,8/16/20,1504.95,Clayton,yes,yes,C,,yes,07/23/2020,1,08/02/2020,26.41,08/02/2020,2,08/02/2020,08/06/2020,132.5,08/09/2020,256.9,,,,,,,,,,,,,,08/14/2020,08/16/2020,1504.95,75,0,no,08/20/2020,75,,,,,,,,,,,,,,,,,,,,swapped with 151
151,DC,wowe,8/24/20,1552.7,Clayton,yes,no,C,,yes,07/23/2020,1,08/02/2020,26.52,08/02/2020,1,,08/06/2020,169.4,08/10/2020,755.1,08/17/2020,1217.7,,,,,,,,,,,,,,,,,,,,08/24/2020,1552.7,08/31/2020,1355,,,,,,,,,,,,,08/31/2020,1355,,swapped with 150
152,DC,wowe mongo,8/24/20,10936.5,Clayton,yes,yes,B,,yes,07/18/2020,1,08/02/2020,120.81,08/02/2020,2,08/02/2020,08/06/2020,573.7,08/10/2020,1977.4,,,,,,,,,,,,,,,,,,,,,,08/17/2020,8603.1,08/24/2020,10936.5,,,,,,,,,,,,,08/29/2020,10660.1,,"Found in bin, rescued 7/29"
153,DC,wowe mongo,8/29/20,12023,Clayton,yes,yes,E,,yes,07/24/2020,1,08/02/2020,52.86,08/02/2020,1,08/02/2020,08/06/2020,201.9,08/10/2020,848.8,08/14/2020,2483.5,,,,,,,,,,,,,,,,,,,,,,,,,,08/21/2020,8722.6,08/28/2020,11232.5,,,,,,,08/29/2020,12023,,
154,TB,dead,,,Clayton,yes,no,DH-B,08/15/2020,yes,07/25/2020,1,08/02/2020,62.14,08/02/2020,2,,08/05/2020,236,08/10/2020,1251.2,,,,,,,,,,,,,,,,,,,,,,,,,,,,,,,,,,,,,,,,,needed help molting 8/10
155,TB,dead,,,Clayton,yes,yes,DI-B,08/15/2020,yes,07/25/2020,1,08/02/2020,60.42,08/02/2020,1,08/02/2020,08/07/2020,293.8,08/11/2020,568.6,,,,,,,,,,,,,,,,,,,,,,,,,,,,,,,,,,,,,,,,,bled 8/11
156,DC,em,8/20/20,2512.69,Clayton,yes,no,E,,yes,07/25/2020,1,08/03/2020,53.47,08/03/2020,1,,08/06/2020,166.9,08/11/2020,1049.1,,,,,,,,,,,,,,08/16/2020,08/20/2020,2512.69,167,0,no,08/21/2020,115,,,,,,,,,,,,,,,,,,,,
157,DC,dead,,,Clayton,yes,yes,F,08/05/2020,no,07/25/2020,1,08/03/2020,44.39,08/03/2020,2,08/03/2020,,,,,,,,,,,,,,,,,,,,,,,,,,,,,,,,,,,,,,,,,,,,,
158,DC,wowe mongo,9/5/20,12873.7,Clayton,yes,yes,H,,yes,07/25/2020,1,08/03/2020,18.11,08/03/2020,1,08/03/2020,08/07/2020,66.9,08/11/2020,333,08/17/2020,1518.2,08/22/2020,3477.3,,,,,,,,,,,,,,,,,,,,,,,,,,,,,,08/29/2020,9452.9,09/05/2020,12873.7,09/05/2020,12873.7,,
159,DC,wowe,8/19/20,,Clayton,yes,yes,I,,yes,07/15/2020,1,08/03/2020,82.76,08/03/2020,2,08/03/2020,08/07/2020,210.4,08/12/2020,866,08/19/2020,1287.9,,,,,,,,,,,,,,,,,,,,,,,,,,,,09/02/2020,1006.8,,,,,,,09/02/2020,1006.8,,
160,DC,em,8/22/20,2452.39,Clayton,yes,no,I,,yes,07/25/2020,1,08/04/2020,37.51,08/04/2020,2,,08/08/2020,141.5,08/12/2020,782.7,,,,,,,,,,,,,,08/18/2020,08/22/2020,2452.39,122,2,no,08/22/2020,111,,,,,,,,,,,,,,,,,,,,
161,DC,em,8/22/20,1543.95,Clayton,yes,no,N,,yes,07/25/2020,1,08/04/2020,29.71,08/04/2020,1,,08/08/2020,168.1,,,,,,,,,,,,,,,,08/18/2020,08/22/2020,1543.95,117,5,no,08/25/2020,113,,,,,,,,,,,,,,,,,,,,
162,DC,em,8/22/20,2083.31,Clayton,yes,no,O,,yes,07/25/2020,1,08/04/2020,45.46,08/04/2020,1,,08/09/2020,267.8,08/13/2020,813.6,,,,,,,,,,,,,,08/19/2020,08/22/2020,2083.31,,,,,,,,,,,,,,,,,,,,,,,,,bled 8/4
163,DC,dead,,,Clayton,yes,no,R,08/14/2020,no,07/25/2020,1,08/04/2020,71.49,08/04/2020,1,,08/08/2020,235.2,08/13/2020,1519,,,,,,,,,,,,,,,,,,,,,,,,,,,,,,,,,,,,,,,,,dead 8/14
164,DC,dead,,,Clayton,yes,yes,T,08/06/2020,no,07/25/2020,1,08/04/2020,44.22,08/04/2020,2,08/04/2020,,,,,,,,,,,,,,,,,,,,,,,,,,,,,,,,,,,,,,,,,,,,,
165,DC,em,8/22/20,1187.69,Clayton,yes,no,T,,yes,07/25/2020,1,08/04/2020,31.03,08/04/2020,1,,08/08/2020,121.7,08/13/2020,946,,,,,,,,,,,,,,08/18/2020,08/22/2020,1187.69,149,1,no,08/25/2020,107,,,,,,,,,,,,,,,,,,,,
166,DC,dead,,,Clayton,yes,yes,Q,08/05/2020,no,07/25/2020,1,08/04/2020,41.46,08/04/2020,1,08/04/2020,,,,,,,,,,,,,,,,,,,,,,,,,,,,,,,,,,,,,,,,,,,,,
167,DC,wander,8/20/20,9087.1,Clayton,no,yes,A,,yes,07/25/2020,1,08/04/2020,48.36,,,08/04/2020,08/08/2020,228.7,08/13/2020,1861.2,,,,,08/20/2020,9087.1,FAILED,,,,,,,,,,,,,,,,,,,,,,,,,,,,,,,,,,bled 8/4
168,DC,dead,,,Clayton,no,no,A,,yes,07/25/2020,1,08/04/2020,68.06,,,,08/08/2020,607.2,08/11/2020,1670.5,,,,,,,,,,,,,,,,,,,,,,,,,,,,,,,,,,,,,,,,,Squashed 8/13
169,DC,wander,8/20/20,8780.9,Clayton,no,no,D,,yes,07/25/2020,1,08/04/2020,59.47,,,,08/07/2020,199.1,08/13/2020,1955.7,,,,,08/20/2020,8780.9,FAILED,,,,,,,,,,,,,,,,,,,,,,,,,,,,,,,,,,bled 8/4
170,DC,wowe,8/25/20,1420.1,Clayton,yes,yes,U,,yes,07/24/2020,1,08/04/2020,73.36,08/04/2020,3,08/04/2020,08/08/2020,260.8,08/13/2020,1270.8,08/18/2020,1607.4,,,,,,,,,,,,,,,,,,,,,,,,,,08/25/2020,1420.1,09/01/2020,1317.6,,,,,,,,,,
171,DC,wowe,8/21/20,1238.8,Clayton,yes,yes,X,,yes,07/24/2020,1,08/04/2020,94.10,08/04/2020,1,08/04/2020,08/09/2020,415.9,08/14/2020,2120.9,08/30/2020,1048.5,,,,,,,,,,,,,,,,,,,,08/21/2020,1238.8,,,,,,,,,,,,,,,,,09/01/2020,"trouble molting to 6th 8/30, dead 9/1"
172,DC,em,8/25/20,3287.69,MF,yes,no,B,,yes,08/03/2020,1,08/09/2020,32.61,08/09/2020,2,,08/13/2020,228.5,08/18/2020,2119.6,,,,,,,,,,,,,,08/22/2020,08/25/2020,3287.69,247,6,no,08/27/2020,230,,,,,,,,,,,,,,,,,,,,
173,DC,em,8/25/20,1947.78,MF,yes,no,F,,yes,08/03/2020,1,08/09/2020,34.78,08/09/2020,2,,08/13/2020,185.9,08/18/2020,1062.3,,,,,,,,,,,,,,08/22/2020,08/25/2020,1947.78,75,24,no,08/27/2020,64,,,,,,,,,,,,,,,,,,,,same compartment as 175 8/21
174,DC,dead,,,MF,no,no,G,08/11/2020,no,08/02/2020,1,08/09/2020,13.90,,,,,,,,,,,,,,,,,,,,,,,,,,,,,,,,,,,,,,,,,,,,,,,,lost 8/11
175,DC,wowe mongo,9/8/20,15913.3,MF,yes,yes,F,,yes,08/03/2020,1,08/10/2020,83.41,08/10/2020,1,08/10/2020,08/14/2020,209.1,08/19/2020,1947.5,08/25/20,4664.7,,,,,,,,,,,,,,,,,,,,,,,,,,09/01/2020,13899.8,09/08/2020,15913.3,,,,,,,09/08/2020,15913.3,,same compartment at 173 8/21
176,DC,wowe mongo,9/7/20,13212.9,MF,yes,yes,N,,yes,08/03/2020,1,08/10/2020,46.28,08/10/2020,1,08/10/2020,08/14/2020,173.2,08/19/2020,1393.8,08/24/2020,3244.4,,,,,,,,,,,,,,,,,,,,,,,,,,08/31/2020,10101.8,09/07/2020,13212.9,,,,,,,09/07/2020,13212.9,09/07/2020,
177,DC,wowe,9/1/20,1166.6,MF,yes,yes,Q,,yes,08/03/2020,1,08/10/2020,38.20,08/10/2020,1,08/10/2020,08/14/2020,188.7,08/18/2020,612.5,,,,,,,,,,,,,,,,,,,,,,08/25/2020,1078.5,09/01/2020,1166.6,,,,,,,,,,,,,09/01/2020,1166.6,,
178,DC,em,8/28/20,615.55,MF,yes,yes,T,,yes,08/03/2020,1,08/10/2020,33.01,08/10/2020,1,08/10/2020,08/15/2020,266.5,08/18/2020,573.3,,,,,,,,,,,,,,08/24/2020,08/28/2020,615.55,2,0,yes,,0,,,,,,,,,,,,,,,,,,,,
179,DC,wander,8/25/20,8247.8,MF,no,yes,L,,yes,08/03/2020,1,08/10/2020,55.21,,,08/10/2020,08/13/2020,266.6,08/18/2020,1966.4,,,,,08/25/20,8247.8,08/29/20,09/19/2020,2206.34,in box,,,,,,,,,,,,,,,,,,,,,,,,,,,,,,,
180,DC,wander,8/23/20,6410,MF,no,yes,D,,yes,08/03/2020,1,08/10/2020,46.62,,,08/10/2020,08/14/2020,448.5,08/18/2020,1949.4,,,,,08/23/2020,6410,,,,FAILED,,,,,,,,,,,,,,,,,,,,,,,,,,,,,,,
181,DC,wowe mongo,9/10/20,17200,MF,yes,yes,K,,yes,08/02/2020,1,08/11/2020,73.87,08/11/2020,2,08/11/2020,08/15/2020,186.7,08/20/2020,977.5,08/27/2020,3874.5,,,,,,,,,,,,,,,,,,,,,,,,,,09/03/2020,12228.2,09/10/2020,17200,,,,,,,09/10/2020,17200,,
182,DC,dead,,,MF,yes,no,Q,08/12/2020,no,08/02/2020,1,08/11/2020,26.65,08/11/2020,1,,,,,,,,,,,,,,,,,,,,,,,,,,,,,,,,,,,,,,,,,,,,,,
183,DC,em,8/28/20,1048.76,MF,yes,no,U,,yes,08/02/2020,1,08/11/2020,27.95,08/11/2020,1,,08/15/2020,128.5,08/19/2020,667.6,,,,,,,,,,,,,,08/24/2020,08/28/2020,1048.76,56,0,no,08/30/2020,54,,,,,,,,,,,,,,,,,,,,
184,DC,?,,,MF,no,no,M,,yes,08/02/2020,1,08/11/2020,28.35,,,,08/15/2020,287.3,08/20/2020,1443.5,,,,,,,,,,in box,,,,,,,,,,,,,,,,,,,,,,,,,,,,,,,
185,DC,wowe,9/3/20,560.9,MF,yes,yes,BS,,yes,08/02/2020,1,08/11/2020,25.40,08/11/2020,1,08/11/2020,08/14/2020,56.5,08/18/2020,241.6,08/27/2020,695.5,,,,,,,,,,,,,,,,,,,,,,,,,,09/03/2020,833.8,09/10/2020,560.9,,,,,,,09/10/2020,560.9,,
186,DC,wander,8/29/20,7214.4,MF,yes,yes,BT,,yes,08/02/2020,1,08/11/2020,28.52,08/11/2020,1,08/11/2020,08/16/2020,187.3,08/21/2020,1294.4,,,,,08/29/2020,7214.4,,,,,,,,,,,,,,,,08/28/2020,8072.9,,,,,,,,,,,,,,,,,,
187,DC,wowe mongo,9/2/20,9638.6,MF,yes,yes,BU,,yes,08/03/2020,1,08/11/2020,74.69,08/11/2020,1,08/11/2020,08/15/2020,215.7,08/19/2020,1083.1,,,,,,,,,,,,,,,,,,,,,,,,09/02/2020,9368.6,,,,,,,,,,,,,09/02/2020,9638.6,,
188,DC,em,8/28/20,4714.48,MF,yes,no,BV,,yes,08/03/2020,1,08/11/2020,58.59,08/11/2020,3,,08/15/2020,343.1,08/20/2020,2431.6,,,,,,,,,,,,,,08/24/2020,08/28/2020,4714.48,100,98,yes,08/30/2020,64,,,,,,,,,,,,,,,,,,,,
189,DC,dead,,,MF,yes,yes,BJ,08/13/2020,no,08/02/2020,1,08/12/2020,54.69,08/12/2020,1,08/12/2020,,,,,,,,,,,,,,,,,,,,,,,,,,,,,,,,,,,,,,,,,,,,,
190,DC,dead,,,MF,yes,no,BB,08/13/2020,no,08/02/2020,1,08/12/2020,50.66,08/12/2020,1,,,,,,,,,,,,,,,,,,,,,,,,,,,,,,,,,,,,,,,,,,,,,,
191,DC,wander,8/28/20,7311.2,MF,no,yes,BW,,yes,08/02/2020,1,08/12/2020,38.40,,,08/12/2020,,,08/22/2020,2038.1,,,,,08/28/2020,7311.2,,,,,,,,,,,,,,,,08/27/2020,8208.4,,,,,,,,,,,,,,,,,,missed molt to 4th
192,DC,wander,8/29/20,8644.9,MF,no,no,BX,,yes,08/02/2020,1,08/12/2020,46.31,,,,08/16/2020,206.6,08/22/2020,1709.7,,,,,08/29/2020,8644.9,,09/25/2020,3868.02,,,,,,,,,,,,,,,,,,,,,,,,,,,,,,,,
193,DC,wowe mongo,9/13/20,12652.5,MF,yes,yes,BY,,yes,08/02/2020,1,08/12/2020,39.05,08/12/2020,1,08/12/2020,08/16/2020,103.2,08/22/2020,599,08/30/2020,2361.4,,,,,,,,,,,,,,,,,,,,,,,,,,09/06/2020,9886.8,,,,,,,,,09/13/2020,12652.5,,bled 8/22?
194,DC,em,8/29/20,2725.27,MF,yes,no,BZ,,yes,08/02/2020,1,08/12/2020,62.07,08/12/2020,2,,08/15/2020,186.3,08/20/2020,1423.9,,,,,,,,,,,,,,08/25/2020,08/29/2020,2725.27,146,5,yes,08/30/2020,86,,,,,,,,,,,,,,,,,,,,
195,DC,wander,8/27/20,7758.8,MF,no,yes,DJ-BD,,yes,08/02/2020,1,08/12/2020,32.04,,,08/12/2020,08/17/2020,358,08/22/2020,2503.3,,,,,08/27/2020,7758.8,,,,in box,,,,,,,,,,,,,,,,,,,,,,,,,,,,,,,
196,DC,wander,8/26/20,6180,MF,no,no,DK-BB,,yes,08/02/2020,1,08/12/2020,57.08,,,,08/15/2020,265.6,08/19/2020,1302.4,,,,,08/26/2020,6180,,,,in box,,,,,,,,,,,,,,,,,,,,,,,,,,,,,,,
197,DC,wowe,9/2/20,783.2,MF,yes,yes,BH,,yes,08/02/2020,1,08/12/2020,33.08,08/12/2020,2,08/12/2020,08/16/2020,181.8,08/19/2020,507.7,,,,,,,,,,,,,,,,,,,,,,,,09/02/2020,783.2,,,,,,,,,,,,,09/02/2020,783.2,,
198,DC,em,8/28/20,2110.46,MF,yes,no,BE,,yes,08/04/2020,1,08/13/2020,20.64,08/13/2020,2,,08/18/2020,364.6,08/21/2020,1044.3,,,,,,,,,,,,,,08/25/2020,08/28/2020,2110.46,107,31,no,08/30/2020,106,,,,,,,,,,,,,,,,,,,,
199,DC,em,8/29/20,1679.13,MF,yes,no,BJ,,yes,08/02/2020,1,08/13/2020,53.50,08/13/2020,1,,,,08/21/2020,950.5,,,,,,,,,,,,,,08/26/2020,08/29/2020,1679.13,92,3,no,08/30/2020,53,,,,,,,,,,,,,,,,,,,,missed molt to 4th?
200,DC,wowe mongo,9/13/20,13026,MF,yes,yes,BP,,yes,08/04/2020,1,08/14/2020,29.09,08/14/2020,1,08/14/2020,08/18/2020,71.3,08/24/2020,392,08/30/2020,2680.4,,,,,,,,,,,,,,,,,,,,,,,,,,09/06/2020,10644.7,,,,,,,,,09/13/2020,13026,,